전공/계열	학년	이수구분	인재상	학수번호	교과목명	학점	교수	교시	강의실(건물명)	인원	강의계획서	강의평가	비고  1  1  1  1  1  1  1  1  1  1  1  1
컴퓨터공학부 [405940]	1	교필	소통	KYC55-A2	글쓰기의기초	3	김민환	화(13:00~14:15)화(14:30~15:45)	3408()	31/31	조회	조회	경영/미디어, 휴먼서비스, 이공계, AISW 계열, AI시스템반도체 수강 / 2024학번 교양필수 / ~2022학번 수강X 기존 글쓰기의기초와 다른 교과목
컴퓨터공학부 [405940]	1	교필	소통	KYC55-A3	글쓰기의기초	3	유예원	화(13:00~14:15)화(14:30~15:45)	3412()	31/31	조회	조회	경영/미디어, 휴먼서비스, 이공계, AISW 계열, AI시스템반도체 수강 / 2024학번 교양필수 / ~2022학번 수강X 기존 글쓰기의기초와 다른 교과목
컴퓨터공학부 [405940]	1	교필	소통	KYC55-A4	글쓰기의기초	3	한정미	화(13:00~14:15)화(14:30~15:45)	3410()	31/31	조회	조회	경영/미디어, 휴먼서비스, 이공계, AISW 계열, AI시스템반도체 수강 / 2024학번 교양필수 / ~2022학번 수강X 기존 글쓰기의기초와 다른 교과목
컴퓨터공학부 [405940]	1	교필	소통	KYC55-B1	글쓰기의기초	3	이은정	화(16:00~17:15)화(17:30~18:45)	20502()	31/31	조회	조회	경영/미디어, 휴먼서비스, 이공계, AISW 계열, AI시스템반도체 수강 / 2024학번 교양필수 / ~2022학번 수강X 기존 글쓰기의기초와 다른 교과목
컴퓨터공학부 [405940]	1	교필	소통	KYC55-B2	글쓰기의기초	3	송주현	금(13:00~14:15)금(14:30~15:45)	20505()	30/31	조회	조회	경영/미디어, 휴먼서비스, 이공계, AISW 계열, AI시스템반도체 수강 / 2024학번 교양필수 / ~2022학번 수강X 기존 글쓰기의기초와 다른 교과목
컴퓨터공학부 [405940]	1	교필	소통	KYC55-B3	글쓰기의기초	3	김민환	화(16:00~17:15)화(17:30~18:45)	3408()	31/31	조회	조회	경영/미디어, 휴먼서비스, 이공계, AISW 계열, AI시스템반도체 수강 / 2024학번 교양필수 / ~2022학번 수강X 기존 글쓰기의기초와 다른 교과목
컴퓨터공학부 [405940]	1	교필	소통	KYC55-B4	글쓰기의기초	3	유예원	화(16:00~17:15)화(17:30~18:45)	3412()	31/31	조회	조회	경영/미디어, 휴먼서비스, 이공계, AISW 계열, AI시스템반도체 수강 / 2024학번 교양필수 / ~2022학번 수강X 기존 글쓰기의기초와 다른 교과목
컴퓨터공학부 [405940]	1	교필	소통	KYC55-B5	글쓰기의기초	3	한정미	화(16:00~17:15)화(17:30~18:45)	3410()	31/31	조회	조회	경영/미디어, 휴먼서비스, 이공계, AISW 계열, AI시스템반도체 수강 / 2024학번 교양필수 / ~2022학번 수강X 기존 글쓰기의기초와 다른 교과목
컴퓨터공학부 [405940]	1	교필	소통	KYC55-C1	글쓰기의기초	3	서경희	목(13:00~14:15)목(14:30~15:45)	3409()	31/31	조회	조회	경영/미디어, 휴먼서비스, 이공계, AISW 계열, AI시스템반도체 수강 / 2024학번 교양필수 / ~2022학번 수강X 기존 글쓰기의기초와 다른 교과목
컴퓨터공학부 [405940]	1	교필	소통	KYC55-C2	글쓰기의기초	3	송주현	목(13:00~14:15)목(14:30~15:45)	20505()	31/31	조회	조회	경영/미디어, 휴먼서비스, 이공계, AISW 계열, AI시스템반도체 수강 / 2024학번 교양필수 / ~2022학번 수강X 기존 글쓰기의기초와 다른 교과목
컴퓨터공학부 [405940]	1	교필	소통	KYC55-C3	글쓰기의기초	3	강아람	목(13:00~14:15)목(14:30~15:45)	3410()	31/31	조회	조회	경영/미디어, 휴먼서비스, 이공계, AISW 계열, AI시스템반도체 수강 / 2024학번 교양필수 / ~2022학번 수강X 기존 글쓰기의기초와 다른 교과목
컴퓨터공학부 [405940]	1	교필	소통	KYC55-C4	글쓰기의기초	3	계광수	목(13:00~14:15)목(14:30~15:45)	3412()	31/31	조회	조회	경영/미디어, 휴먼서비스, 이공계, AISW 계열, AI시스템반도체 수강 / 2024학번 교양필수 / ~2022학번 수강X 기존 글쓰기의기초와 다른 교과목
컴퓨터공학부 [405940]	1	교필	소통	KYC55-C5	글쓰기의기초	3	서영화	목(13:00~14:15)목(14:30~15:45)	3407()	31/31	조회	조회	경영/미디어, 휴먼서비스, 이공계, AISW 계열, AI시스템반도체 수강 / 2024학번 교양필수 / ~2022학번 수강X 기존 글쓰기의기초와 다른 교과목
컴퓨터공학부 [405940]	1	교필	소통	KYC55-D1	글쓰기의기초	3	강아람	목(16:00~17:15)목(17:30~18:45)	3410()	31/31	조회	조회	경영/미디어, 휴먼서비스, 이공계, AISW 계열, AI시스템반도체 수강 / 2024학번 교양필수 / ~2022학번 수강X 기존 글쓰기의기초와 다른 교과목
컴퓨터공학부 [405940]	1	교필	소통	KYC55-D2	글쓰기의기초	3	계광수	목(16:00~17:15)목(17:30~18:45)	3412()	31/31	조회	조회	경영/미디어, 휴먼서비스, 이공계, AISW 계열, AI시스템반도체 수강 / 2024학번 교양필수 / ~2022학번 수강X 기존 글쓰기의기초와 다른 교과목
컴퓨터공학부 [405940]	1	교필	소통	KYC55-D3	글쓰기의기초	3	서영화	목(16:00~17:15)목(17:30~18:45)	3407()	30/31	조회	조회	경영/미디어, 휴먼서비스, 이공계, AISW 계열, AI시스템반도체 수강 / 2024학번 교양필수 / ~2022학번 수강X 기존 글쓰기의기초와 다른 교과목
컴퓨터공학부 [405940]	1	교필	소통	KYC55-E1	글쓰기의기초	3	이은정	금(09:30~10:45)금(11:00~12:15)	20502()	31/31	조회	조회	경영/미디어, 휴먼서비스, 이공계, AISW 계열, AI시스템반도체 수강 / 2024학번 교양필수 / ~2022학번 수강X 기존 글쓰기의기초와 다른 교과목
컴퓨터공학부 [405940]	1	교필	소통	KYC55-E2	글쓰기의기초	3	서경희	금(09:30~10:45)금(11:00~12:15)	3503()	31/31	조회	조회	강의실변경 : 3409 > 3503 / 경영/미디어, 휴먼서비스, 이공계, AISW 계열, AI시스템반도체 수강 / 2024학번 교양필수 / ~2022학번 수강X 기존 글쓰기의기초와 다른 교과목
컴퓨터공학부 [405940]	1	교필	소통	KYC55-E3	글쓰기의기초	3	유영국	금(09:30~10:45)금(11:00~12:15)	3408()	31/31			경영/미디어, 휴먼서비스, 이공계, AISW 계열, AI시스템반도체 수강 / 2024학번 교양필수 / ~2022학번 수강X 기존 글쓰기의기초와 다른 교과목
컴퓨터공학부 [405940]	1	교필	지식정보	KYC56-A1	컴퓨팅사고와SW코딩	3	김보경	화(09:30~10:45)	18424()	48/48	조회	조회	신학 / 인문 계열 수강 / 교양필수
컴퓨터공학부 [405940]	1	교필	지식정보	KYC56-A2	컴퓨팅사고와SW코딩	3	김보경	화(11:00~12:15)	18309()	55/55	조회	조회	신학 / 인문 계열 수강 / 교양필수
컴퓨터공학부 [405940]	1	교필	지식정보	KYC56-A3	컴퓨팅사고와SW코딩	3	박종현	화(11:00~12:15)	18308()	43/43	조회	조회	신학 / 인문 계열 수강 / 교양필수
컴퓨터공학부 [405940]	1	교필	지식정보	KYC56-A4	컴퓨팅사고와SW코딩	3	강혁	수(09:30~10:45)	18309()	54/55			신학 / 인문 계열 수강 / 교양필수
컴퓨터공학부 [405940]	1	교필	지식정보	KYC56-A5	컴퓨팅사고와SW코딩	3	강혁	수(11:00~12:15)	18309()	55/55			신학 / 인문 계열 수강 / 교양필수
컴퓨터공학부 [405940]	1	교필	지식정보	KYC56-A6	컴퓨팅사고와SW코딩	3	윤정희	목(09:30~10:45)	18309()	54/55	조회	조회	신학 / 인문 계열 수강 / 교양필수
컴퓨터공학부 [405940]	1	교필	지식정보	KYC56-A7	컴퓨팅사고와SW코딩	3	윤정희	목(11:00~12:15)	18424()	47/48	조회	조회	신학 / 인문 계열 수강 / 교양필수
컴퓨터공학부 [405940]	1	교필	지식정보	KYC56-B1	컴퓨팅사고와SW코딩	3	박종현	월(13:00~14:15)	18309()	49/50	조회	조회	경제통상, 국제지역 계열 수강 / 교양필수
컴퓨터공학부 [405940]	1	교필	지식정보	KYC56-B2	컴퓨팅사고와SW코딩	3	강혁	수(13:00~14:15)	18309()	38/50			경제통상, 국제지역 계열 수강 / 교양필수
컴퓨터공학부 [405940]	1	교필	지식정보	KYC56-B3	컴퓨팅사고와SW코딩	3	윤정희	목(13:00~14:15)	18309()	49/50	조회	조회	경제통상, 국제지역 계열 수강 / 교양필수
컴퓨터공학부 [405940]	1	교필	지식정보	KYC56-C1	컴퓨팅사고와SW코딩	3	나경욱	월(13:00~14:15)	18308()	39/43	조회	조회	글로벌, 공공인재 계열 수강 / 교양필수
컴퓨터공학부 [405940]	1	교필	지식정보	KYC56-C2	컴퓨팅사고와SW코딩	3	박종현	수(11:00~12:15)	18308()	40/43	조회	조회	글로벌, 공공인재 계열 수강 / 교양필수
컴퓨터공학부 [405940]	1	교필	지식정보	KYC56-D1	컴퓨팅사고와SW코딩	3	박종현	월(11:00~12:15)	18308()	34/40	조회	조회	특수체육학 계열 수강 / 교양필수
컴퓨터공학부 [405940]	1	교필		KY677-P3	대학생활길잡이	1	정희진	수(18:50~19:40)	3412()	13/15	조회	조회	교양필수 / 경제통상·국제지역계열 C반 수강 / 재학생, 편입생 : 국제경제학 신청
컴퓨터공학부 [405940]	1	교필		KY677-Q1	대학생활길잡이	1	김경민	수(18:50~19:40)	18102()	12/16			교양필수 / 경영·미디어계열 A반 수강 / 재학생, 편입생 : 경영학 신청
컴퓨터공학부 [405940]	1	교필		KY677-Q3	대학생활길잡이	1	이건범	수(18:50~19:40)	18103()	10/15	조회	조회	교양필수 / 경영·미디어계열 A반 수강 / 재학생, 편입생 : 경영학 신청
컴퓨터공학부 [405940]	1	교필		KY677-Q4	대학생활길잡이	1	박규호	수(18:50~19:40)	18104()	11/15	조회	조회	교양필수 / 경영·미디어계열 A반 수강 / 재학생, 편입생 : 경영학 신청
컴퓨터공학부 [405940]	1	교필		KY677-Q5	대학생활길잡이	1	정의범	수(18:50~19:40)	18101()	8/15	조회	조회	교양필수 / 경영·미디어계열 A반 수강 / 재학생, 편입생 : 경영학 신청
컴퓨터공학부 [405940]	1	교필		KY677-Q6	대학생활길잡이	1	김경민	수(18:50~19:40)	18105()	10/15			교양필수 / 경영·미디어계열 A반 수강 / 재학생, 편입생 : 경영학 신청
컴퓨터공학부 [405940]	1	교필		KY677-R1	대학생활길잡이	1	문철수	수(18:50~19:40)	18106()	14/13	조회		교양필수 / 경영·미디어계열 D반 수강 / 재학생, 편입생 : 미영광홍 신청
컴퓨터공학부 [405940]	1	교필		KY677-R2	대학생활길잡이	1	채희상	수(18:50~19:40)	18211-1()	14/13	조회	조회	교양필수 / 경영·미디어계열 D반 수강 / 재학생, 편입생 : 미영광홍 신청
컴퓨터공학부 [405940]	1	교필		KY677-R3	대학생활길잡이	1	지원배	수(18:50~19:40)	18212()	15/13	조회	조회	교양필수 / 경영·미디어계열 D반 수강 / 재학생, 편입생 : 미영광홍 신청
컴퓨터공학부 [405940]	1	교필		KY677-R4	대학생활길잡이	1	박혜영	수(18:50~19:40)	18212-1()	22/13		조회	교양필수 / 경영·미디어계열 D반 수강 / 재학생, 편입생 : 미영광홍 신청
컴퓨터공학부 [405940]	1	교필		KY677-S1	대학생활길잡이	1	김상욱	수(18:50~19:40)	7305()	13/10	조회	조회	교양필수 / 경영·미디어계열 B반 수강 / 재학생, 편입생 : IT경영학 신청
컴퓨터공학부 [405940]	1	교필		KY677-S2	대학생활길잡이	1	신재우	수(18:50~19:40)	7106()	9/20	조회		교양필수 / 경영·미디어계열 B반 수강 / 재학생, 편입생 : IT경영학 신청
컴퓨터공학부 [405940]	1	교필		KY677-S4	대학생활길잡이	1	이남연	수(18:50~19:40)	7301()	9/20	조회	조회	교양필수 / 경영·미디어계열 B반 수강 / 재학생, 편입생 : IT경영학 신청
컴퓨터공학부 [405940]	1	교필		KY677-T1	대학생활길잡이	1	장종익	수(18:50~19:40)	3207()	8/15		조회	교양필수 / 경영·미디어계열 C반 수강 / 재학생, 편입생 : 글로벌비즈니스학 신청
컴퓨터공학부 [405940]	1	교필		KY677-T2	대학생활길잡이	1	양영수	수(18:50~19:40)	3308()	9/15	조회	조회	교양필수 / 경영·미디어계열 C반 수강 / 재학생, 편입생 : 글로벌비즈니스학 신청
컴퓨터공학부 [405940]	1	교필		KY677-T3	대학생활길잡이	1	유한나	수(18:50~19:40)	3505()	10/15	조회	조회	교양필수 / 경영·미디어계열 C반 수강 / 재학생, 편입생 : 글로벌비즈니스학 신청
컴퓨터공학부 [405940]	1	교필		KY677-T4	대학생활길잡이	1	유현미	수(18:50~19:40)	3506()	8/15	조회		교양필수 / 경영·미디어계열 C반 수강 / 재학생, 편입생 : 글로벌비즈니스학 신청
컴퓨터공학부 [405940]	1	교필		KY677-U1	대학생활길잡이	1	박기현	월(18:50~19:40)	7215()	10/18	조회	조회	교양필수 / 이공계융합계열 A반 수강 / 재학생, 편입생 : 수리금융학 신청
컴퓨터공학부 [405940]	1	교필		KY677-U2	대학생활길잡이	1	정재웅	월(18:50~19:40)	7315()	13/18		조회	교양필수 / 이공계융합계열 A반 수강 / 재학생, 편입생 : 수리금융학 신청
컴퓨터공학부 [405940]	1	교필		KY677-U3	대학생활길잡이	1	정재웅	월(18:50~19:40)	7316()	18/18	조회	조회	교양필수 / 이공계융합계열 A반 수강 / 재학생, 편입생 : 수리금융학 신청
컴퓨터공학부 [405940]	1	교필		KY677-V1	대학생활길잡이	1	박동련	수(18:50~19:40)	7202()	21/25	조회	조회	교양필수 / 이공계융합계열 B반 수강 / 재학생, 편입생 : 응용통계학 신청
컴퓨터공학부 [405940]	1	교필		KY677-V3	대학생활길잡이	1	유한나	수(18:50~19:40)	7215()	24/25	조회	조회	교양필수 / 이공계융합계열 B반 수강 / 재학생, 편입생 : 응용통계학 신청
컴퓨터공학부 [405940]	1	교필		KY677-W2	대학생활길잡이	1	박상현	월(18:50~19:40)	10204()	22/20	조회		교양필수 / 특수체육학계열 A반 수강 / 재학생, 편입생 : 특수체육학 신청
컴퓨터공학부 [405940]	1	교필		KY677-W3	대학생활길잡이	1	조규청	월(18:50~19:40)	10201()	16/20	조회		교양필수 / 특수체육학계열 A반 수강 / 재학생, 편입생 : 특수체육학 신청
컴퓨터공학부 [405940]	1	교필		KY677-X1	대학생활길잡이	1	이성구	수(18:50~19:40)	18312()	24/25	조회	조회	교양필수 / AI·SW계열 수강 / 재학생, 편입생 : AISW계열(A), 컴퓨터공학부 신청
컴퓨터공학부 [405940]	1	교필		KY677-X2	대학생활길잡이	1	박성진	수(18:50~19:40)	18314()	25/25	조회	조회	교양필수 / AI·SW계열 수강 / 재학생, 편입생 : AISW계열(A), 컴퓨터공학부 신청
컴퓨터공학부 [405940]	1	교필		KY677-X3	대학생활길잡이	1	류승택	수(18:50~19:40)	18419()	24/25	조회		교양필수 / AI·SW계열 수강 / 재학생, 편입생 : AISW계열(B), 컴퓨터공학부 신청
컴퓨터공학부 [405940]	1	교필		KY677-X4	대학생활길잡이	1	윤효석	수(18:50~19:40)	18422()	25/25	조회	조회	교양필수 / AI·SW계열 수강 / 재학생, 편입생 : AISW계열(B), 컴퓨터공학부 신청
컴퓨터공학부 [405940]	1	교필		KY677-X5	대학생활길잡이	1	이양선	수(18:50~19:40)	18424()	16/25	조회		교양필수 / AI·SW계열 수강 / 재학생, 편입생 : AISW계열(C), 컴퓨터공학부 신청
컴퓨터공학부 [405940]	1	교필		KY677-X6	대학생활길잡이	1	김성기	월(18:50~19:40)	18312()	25/25	조회		교양필수 / AI·SW계열 수강 / 재학생, 편입생 : AISW계열(C), 컴퓨터공학부 신청
컴퓨터공학부 [405940]	1	교필		KY677-Y1	대학생활길잡이	1	조성호	월(18:50~19:40)	18314()	25/25	조회	조회	교양필수 / AI·SW계열 수강 / 재학생, 편입생 : AISW계열(D), 소웨융 신청
컴퓨터공학부 [405940]	1	교필		KY677-Y2	대학생활길잡이	1	안현	월(18:50~19:40)	18419()	29/25	조회	조회	교양필수 / AI·SW계열 수강 / 재학생, 편입생 : AISW계열(D), 소웨융 신청
컴퓨터공학부 [405940]	1	교필		KY677-Y3	대학생활길잡이	1	손승일	수(18:50~19:40)	18521()	19/25	조회		교양필수 / AI·SW계열 수강 / 재학생, 편입생 : AISW계열(E), 소웨융 신청
컴퓨터공학부 [405940]	1	교필		KY677-Y4	대학생활길잡이	1	이경옥	월(18:50~19:40)	18422()	17/25	조회		교양필수 / AI·SW계열 수강 / 재학생, 편입생 : AISW계열(E), 소웨융 신청
컴퓨터공학부 [405940]	1	교필		KY677-Y5	대학생활길잡이	1	이용걸	월(18:50~19:40)	18424()	19/25	조회	조회	교양필수 / AI·SW계열 수강 / 재학생, 편입생 : AISW계열(F), 소웨융 신청
컴퓨터공학부 [405940]	1	교필		KY677-Y7	대학생활길잡이	1	백수진	월(18:50~19:40)	18104()	32/35	조회		교양필수 / AI·SW계열 수강
컴퓨터공학부 [405940]	1	교필		KY677-Z1	대학생활길잡이	1	김상원	월(18:50~19:40)	20307()	17/18	조회		교양필수 / 휴먼서비스계열 D반 수강 / 재학생, 편입생 : 심리아동학 신청
컴퓨터공학부 [405940]	1	교필		KY677-Z3	대학생활길잡이	1	안도연	월(18:50~19:40)	20301()	15/18	조회	조회	교양필수 / 휴먼서비스계열 D반 수강 / 재학생, 편입생 : 심리아동학 신청
컴퓨터공학부 [405940]	1	교필		KY677-Z4	대학생활길잡이	1	구훈정	월(18:50~19:40)	20306()	18/18	조회	조회	교양필수 / 휴먼서비스계열 D반 수강 / 재학생, 편입생 : 심리아동학 신청
컴퓨터공학부 [405940]	1	교필		KY879-A	기독교와인문학	2	정용택	화(11:00~12:40)	18420()	90/90	조회	조회	교필과목/기독교과목
컴퓨터공학부 [405940]	1	교필		KY879-B	기독교와인문학	2	진형섭	수(11:00~12:40)	18420()	90/90	조회	조회	교필과목/기독교과목
컴퓨터공학부 [405940]	1	교필		KY879-C	기독교와인문학	2	진형섭	금(11:00~12:40)	18420()	79/90	조회	조회	교필과목/기독교과목
컴퓨터공학부 [405940]	1	교필		KY879-D	기독교와인문학	2	진형섭	금(13:00~14:40)	18420()	80/90	조회	조회	교필과목/기독교과목
컴퓨터공학부 [405940]	1	교필		KY882-A	기독교와세계종교	2	박재형	월(11:00~12:40)	18420()	90/90	조회	조회	교필과목/기독교과목
컴퓨터공학부 [405940]	1	교필		KY882-B	기독교와세계종교	2	박재형	월(17:30~19:10)	18420()	90/90	조회	조회	교필과목/기독교과목
컴퓨터공학부 [405940]	1	교필		KY883-A	영화속의기독교	2	강은미	금(11:00~12:40)	18211()	90/90	조회	조회	교필과목/기독교과목
컴퓨터공학부 [405940]	1	교필		KY883-B	영화속의기독교	2	강은미	금(13:00~14:40)	18211()	90/90	조회	조회	교필과목/기독교과목
컴퓨터공학부 [405940]	1	교필	글로벌	KYC54-A1	Essential English	3	강윤형	월(09:30~10:45)수(11:00~12:15)	18102()	30/33	조회	조회	경영/미디어, 휴먼서비스, 이공계, AISW 계열, AI시스템반도체 수강 / 2024학번 교양필수 / 말하기 수업
컴퓨터공학부 [405940]	1	교필	글로벌	KYC54-A2	Essential English	3	차윤정	월(09:30~10:45)수(11:00~12:15)	18106()	40/41	조회	조회	경영/미디어, 휴먼서비스, 이공계, AISW 계열, AI시스템반도체 수강 / 2024학번 교양필수 / 독해수업
컴퓨터공학부 [405940]	1	교필	글로벌	KYC54-A3	Essential English	3	목승혜	월(09:30~10:45)수(11:00~12:15)	18103()	41/41	조회	조회	경영/미디어, 휴먼서비스, 이공계, AISW 계열, AI시스템반도체 수강 / 2024학번 교양필수 / 독해수업
컴퓨터공학부 [405940]	1	교필	글로벌	KYC54-A4	Essential English	3	고우경	월(09:30~10:45)수(11:00~12:15)	18104()	40/41	조회	조회	경영/미디어, 휴먼서비스, 이공계, AISW 계열, AI시스템반도체 수강 / 2024학번 교양필수 / 독해수업
컴퓨터공학부 [405940]	1	교필	글로벌	KYC54-B1	Essential English	3	김나영	월(11:00~12:15)수(09:30~10:45)	18211-1()	41/41	조회		경영/미디어, 휴먼서비스, 이공계, AISW 계열, AI시스템반도체 수강 / 2024학번 교양필수 / 독해수업
컴퓨터공학부 [405940]	1	교필	글로벌	KYC54-B2	Essential English	3	심주연	월(11:00~12:15)수(09:30~10:45)	18104()	33/33	조회	조회	경영/미디어, 휴먼서비스, 이공계, AISW 계열, AI시스템반도체 수강 / 2024학번 교양필수 / 말하기 수업
컴퓨터공학부 [405940]	1	교필	글로벌	KYC54-B3	Essential English	3	강윤형	월(11:00~12:15)수(09:30~10:45)	18102()	32/33	조회	조회	경영/미디어, 휴먼서비스, 이공계, AISW 계열, AI시스템반도체 수강 / 2024학번 교양필수 / 말하기 수업
컴퓨터공학부 [405940]	1	교필	글로벌	KYC54-B4	Essential English	3	목승혜	월(11:00~12:15)수(09:30~10:45)	18103()	41/41	조회	조회	경영/미디어, 휴먼서비스, 이공계, AISW 계열, AI시스템반도체 수강 / 2024학번 교양필수 / 독해수업
컴퓨터공학부 [405940]	1	교필	글로벌	KYC54-B5	Essential English	3	고우경	월(11:00~12:15)수(09:30~10:45)	18106()	40/41	조회	조회	경영/미디어, 휴먼서비스, 이공계, AISW 계열, AI시스템반도체 수강 / 2024학번 교양필수 / 독해수업
컴퓨터공학부 [405940]	1	교필	글로벌	KYC54-C1	Essential English	3	심주연	월(13:00~14:15)수(13:00~14:15)	18104()	32/33	조회	조회	경영/미디어, 휴먼서비스, 이공계, AISW 계열, AI시스템반도체 수강 / 2024학번 교양필수 / 말하기 수업
컴퓨터공학부 [405940]	1	교필	글로벌	KYC54-C2	Essential English	3	김나영	월(13:00~14:15)수(13:00~14:15)	18102()	41/41	조회		경영/미디어, 휴먼서비스, 이공계, AISW 계열, AI시스템반도체 수강 / 2024학번 교양필수 / 독해수업
컴퓨터공학부 [405940]	1	교필	글로벌	KYC54-C3	Essential English	3	이아름	월(13:00~14:15)수(13:00~14:15)	18103()	40/41	조회	조회	경영/미디어, 휴먼서비스, 이공계, AISW 계열, AI시스템반도체 수강 / 2024학번 교양필수 / 독해수업
컴퓨터공학부 [405940]	1	교필	글로벌	KYC54-C4	Essential English	3	고우경	월(13:00~14:15)수(13:00~14:15)	18106()	41/41	조회	조회	경영/미디어, 휴먼서비스, 이공계, AISW 계열, AI시스템반도체 수강 / 2024학번 교양필수 / 독해수업
컴퓨터공학부 [405940]	1	교필	글로벌	KYC54-D1	Essential English	3	이아름	월(14:30~15:45)수(14:30~15:45)	18103()	41/41	조회	조회	경영/미디어, 휴먼서비스, 이공계, AISW 계열, AI시스템반도체 수강 / 2024학번 교양필수 / 독해수업
컴퓨터공학부 [405940]	1	교필	글로벌	KYC54-D2	Essential English	3	심주연	월(14:30~15:45)수(14:30~15:45)	18104()	31/33	조회	조회	경영/미디어, 휴먼서비스, 이공계, AISW 계열, AI시스템반도체 수강 / 2024학번 교양필수 / 말하기 수업
컴퓨터공학부 [405940]	1	교필	글로벌	KYC54-D3	Essential English	3	김나영	월(14:30~15:45)수(14:30~15:45)	18102()	41/41	조회		경영/미디어, 휴먼서비스, 이공계, AISW 계열, AI시스템반도체 수강 / 2024학번 교양필수 / 독해수업
컴퓨터공학부 [405940]	1	교필	소통	KYC55-A1	글쓰기의기초	3	송주현	화(13:00~14:15)화(14:30~15:45)	20505()	31/31	조회	조회	경영/미디어, 휴먼서비스, 이공계, AISW 계열, AI시스템반도체 수강 / 2024학번 교양필수 / ~2022학번 수강X 기존 글쓰기의기초와 다른 교과목
컴퓨터공학부 [405940]	1	교필		KY304-B	채플	(1)	나현기,진형섭,박충만	월(17:30~18:20)	4107()	23/50	조회	조회	신학 1학년, 신학전공 예정자
컴퓨터공학부 [405940]	1	교필		KY313-A	기독교와문화	2	박재형	목(11:00~12:40)	18212()	90/90	조회		교필과목/기독교과목
컴퓨터공학부 [405940]	1	교필		KY313-B	기독교와문화	2	박재형	목(17:30~19:10)	18212()	90/90	조회		교필과목/기독교과목
컴퓨터공학부 [405940]	1	교필		KY313-C	기독교와문화	2	진형섭	목(11:00~12:40)	18420()	90/90	조회	조회	교필과목/기독교과목
컴퓨터공학부 [405940]	1	교필		KY313-D	기독교와문화	2	진형섭	목(17:30~19:10)	18420()	90/90	조회	조회	교필과목/기독교과목
컴퓨터공학부 [405940]	1	교필		KY313-E	기독교와문화	2	나현기	금(13:00~14:40)	7215()	79/80	조회		교필과목/기독교과목
컴퓨터공학부 [405940]	1	교필		KY410-Z1	진로와상담	(0)	신광철	-	()	2/30	조회		대학생활길잡이 이수 완료자 / 신학, 인문 융합 계열 수강
컴퓨터공학부 [405940]	1	교필		KY410-Z2	진로와상담	(0)	이일영	-	()	1/20	조회		대학생활길잡이 이수 완료자 / 경제통상, 국제지역 계열 수강
컴퓨터공학부 [405940]	1	교필		KY410-Z4	진로와상담	(0)	이건범	-	()	2/20	조회	조회	대학생활길잡이 이수 완료자 / 경영, 미디어 계열 수강
컴퓨터공학부 [405940]	1	교필		KY410-Z5	진로와상담	(0)	홍선미	-	()	2/20		조회	대학생활길잡이 이수 완료자 / 휴먼서비스 계열 수강
컴퓨터공학부 [405940]	1	교필		KY410-Z6	진로와상담	(0)	강민구	-	()	1/20	조회		대학생활길잡이 이수 완료자 / 이공계 융합 계열 수강
컴퓨터공학부 [405940]	1	교필		KY612-A	성서입문	2	이영미	목(11:00~12:40)	4107()	25/50	조회	조회	신학부 교양필수과목
컴퓨터공학부 [405940]	1	교필		KY620-A	드라마속의기독교	2	강은미	수(11:00~12:40)	18211()	90/90	조회	조회	교필과목/기독교과목
컴퓨터공학부 [405940]	1	교필		KY620-B	드라마속의기독교	2	강은미	수(17:30~19:10)	18211()	90/90	조회	조회	교필과목/기독교과목
컴퓨터공학부 [405940]	1	교필		KY677-A1	대학생활길잡이	1	김희선	월(18:50~19:40)	3321()	27/35	조회		교양필수 / 신학·인문융합계열 A반 수강 /재학생, 편입생 : 신학부 신청
컴퓨터공학부 [405940]	1	교필		KY677-A2	대학생활길잡이	1	이서영	수(18:50~19:40)	3321()	23/35	조회		교양필수 / 신학·인문융합계열 A반 수강 /재학생, 편입생 : 신학부 신청
컴퓨터공학부 [405940]	1	교필		KY677-AA	대학생활길잡이	1	이석민	월(18:50~19:40)	3409()	17/20		조회	교양필수 / 글로벌·공공인재융합계열 B반 수강 / 재학생, 편입생 : 공공인재 신청
컴퓨터공학부 [405940]	1	교필		KY677-AB	대학생활길잡이	1	윤건	월(18:50~19:40)	3410()	13/20		조회	교양필수 / 글로벌·공공인재융합계열 B반 수강 / 재학생, 편입생 : 공공인재 신청
컴퓨터공학부 [405940]	1	교필		KY677-AC	대학생활길잡이	1	노승철	월(18:50~19:40)	3411()	11/20	조회	조회	교양필수 / 글로벌·공공인재융합계열 B반 수강 / 재학생, 편입생 : 공공인재 신청
컴퓨터공학부 [405940]	1	교필		KY677-B2	대학생활길잡이	1	유형동	월(18:50~19:40)	20402()	12/20	조회	조회	교양필수 / 신학·인문융합계열 G반 수강 / 재학생, 편입생 : 한국어문학 신청
컴퓨터공학부 [405940]	1	교필		KY677-B3	대학생활길잡이	1	김수영	월(18:50~19:40)	20505()	11/20	조회	조회	교양필수 / 신학·인문융합계열 G반 수강 / 재학생, 편입생 : 한국어문학 신청
컴퓨터공학부 [405940]	1	교필		KY677-B4	대학생활길잡이	1	김지혜	월(18:50~19:40)	20506()	10/20	조회		교양필수 / 신학·인문융합계열 G반 수강 / 재학생, 편입생 : 한국어문학 신청
컴퓨터공학부 [405940]	1	교필		KY677-C1	대학생활길잡이	1	박미선	화(18:50~19:40)	3203()	13/17	조회	조회	교양필수 / 신학·인문융합계열 E반 수강 / 재학생, 편입생 : 영미문화 신청
컴퓨터공학부 [405940]	1	교필		KY677-C2	대학생활길잡이	1	이향미	화(18:50~19:40)	3201()	17/17	조회	조회	교양필수 / 신학·인문융합계열 E반 수강 / 재학생, 편입생 : 영미문화 신청
컴퓨터공학부 [405940]	1	교필		KY677-C3	대학생활길잡이	1	김지혜	화(18:50~19:40)	3202()	16/17	조회	조회	교양필수 / 신학·인문융합계열 E반 수강 / 재학생, 편입생 : 영미문화 신청
컴퓨터공학부 [405940]	1	교필		KY677-D1	대학생활길잡이	1	전춘명	월(18:50~19:40)	3505()	15/20	조회	조회	교양필수 / 신학·인문융합계열 D반 수강 / 재학생, 편입생 : 독일어문화 신청
컴퓨터공학부 [405940]	1	교필		KY677-D2	대학생활길잡이	1	오동식	월(18:50~19:40)	3506()	12/20	조회	조회	교양필수 / 신학·인문융합계열 D반 수강 / 재학생, 편입생 : 독일어문화 신청
컴퓨터공학부 [405940]	1	교필		KY677-E1	대학생활길잡이	1	김대오	월(18:50~19:40)	8101()	14/20	조회	조회	교양필수 / 신학·인문융합계열 C반 수강 / 재학생, 편입생 : 철학 신청
컴퓨터공학부 [405940]	1	교필		KY677-E2	대학생활길잡이	1	김희정	월(18:50~19:40)	8110()	17/20	조회	조회	교양필수 / 신학·인문융합계열 C반 수강 / 재학생, 편입생 : 철학 신청
컴퓨터공학부 [405940]	1	교필		KY677-F1	대학생활길잡이	1	이형원	월(18:50~19:40)	3405()	8/15	조회	조회	교양필수 / 신학·인문융합계열 H반 수강 / 재학생, 편입생 : 한국사학 신청
컴퓨터공학부 [405940]	1	교필		KY677-F2	대학생활길잡이	1	정해득	월(18:50~19:40)	3406()	14/15	조회	조회	교양필수 / 신학·인문융합계열 H반 수강 / 재학생, 편입생 : 한국사학 신청
컴퓨터공학부 [405940]	1	교필		KY677-F3	대학생활길잡이	1	정무용	월(18:50~19:40)	3407()	10/15	조회	조회	교양필수 / 신학·인문융합계열 H반 수강 / 재학생, 편입생 : 한국사학 신청
컴퓨터공학부 [405940]	1	교필		KY677-F4	대학생활길잡이	1	이영남	월(18:50~19:40)	3408()	8/15			교양필수 / 신학·인문융합계열 H반 수강 / 재학생, 편입생 : 한국사학 신청
컴퓨터공학부 [405940]	1	교필		KY677-G1	대학생활길잡이	1	강인철	화(18:50~19:40)	7106()	34/35		조회	교양필수 / 신학·인문융합계열 B반 수강 / 재학생, 편입생 : 종교문화 신청
컴퓨터공학부 [405940]	1	교필		KY677-G3	대학생활길잡이	1	김윤성	화(18:50~19:40)	3409()	15/15	조회	조회	신학 인문융합계열 j반 수강 / 재학생,편입생 : 디영문콘 신청
컴퓨터공학부 [405940]	1	교필		KY677-G4	대학생활길잡이	1	이종현	화(18:50~19:40)	3410()	8/9	조회	조회	신학 인문융합계열 j반 수강 / 재학생,편입생 : 디영문콘 신청
컴퓨터공학부 [405940]	1	교필		KY677-G7	대학생활길잡이	1	신광철	화(18:50~19:40)	3411()	8/9	조회		신학 인문융합계열 j반 수강 / 재학생,편입생 : 디영문콘 신청
컴퓨터공학부 [405940]	1	교필		KY677-H1	대학생활길잡이	1	백수린	월(18:50~19:40)	3204()	12/20	조회		교양필수 / 신학·인문융합계열 F반 수강 / 재학생, 편입생 : 문예창작 신청
컴퓨터공학부 [405940]	1	교필		KY677-H3	대학생활길잡이	1	정한아	월(18:50~19:40)	3207()	18/20	조회	조회	교양필수 / 신학·인문융합계열 F반 수강 / 재학생, 편입생 : 문예창작 신청
컴퓨터공학부 [405940]	1	교필		KY677-H4	대학생활길잡이	1	강지희	월(18:50~19:40)	3308()	11/20	조회	조회	교양필수 / 신학·인문융합계열 F반 수강 / 재학생, 편입생 : 문예창작 신청
컴퓨터공학부 [405940]	1	교필		KY677-I2	대학생활길잡이	1	장정해	월(18:50~19:40)	7107()	21/35	조회	조회	교양필수 / 신학·인문융합계열 I반 수강 / 재학생, 편입생 : 중국어문화 신청
컴퓨터공학부 [405940]	1	교필		KY677-I4	대학생활길잡이	1	김남희	화(18:50~19:40)	18420-1()	17/20	조회	조회	교양필수 / 신학·인문융합계열 I반 수강 / 재학생, 편입생 : 중국어문화 신청
컴퓨터공학부 [405940]	1	교필		KY677-I5	대학생활길잡이	1	강민구	수(18:50~19:40)	18307()	21/25		조회	교양필수 / AI·SW계열(F) 수강 / 재학생, 편입생 : IT영상콘텐츠학과 신청
컴퓨터공학부 [405940]	1	교필		KY677-J1	대학생활길잡이	1	성락선	수(18:50~19:40)	3407()	15/15	조회	조회	교양필수 / 경제통상·국제지역계열 D반 수강 / 재학생, 편입생 : 경제학 신청
컴퓨터공학부 [405940]	1	교필		KY677-J2	대학생활길잡이	1	한재명	수(18:50~19:40)	3408()	12/15	조회		교양필수 / 경제통상·국제지역계열 D반 수강 / 재학생, 편입생 : 경제학 신청
컴퓨터공학부 [405940]	1	교필		KY677-J3	대학생활길잡이	1	양우진	수(18:50~19:40)	3409()	10/15	조회	조회	교양필수 / 경제통상·국제지역계열 D반 수강 / 재학생, 편입생 : 경제학 신청
컴퓨터공학부 [405940]	1	교필		KY677-K1	대학생활길잡이	1	윤상철	화(18:50~19:40)	3206()	15/20	조회	조회	교양필수 / 휴먼서비스계열 A반 수강 / 재학생, 편입생 : 사회학 신청
컴퓨터공학부 [405940]	1	교필		KY677-K4	대학생활길잡이	1	노중기	월(18:50~19:40)	3206()	17/20	조회	조회	교양필수 / 휴먼서비스계열 A반 수강 / 재학생, 편입생 : 사회학 신청
컴퓨터공학부 [405940]	1	교필		KY677-L1	대학생활길잡이	1	송주명	수(18:50~19:40)	3405()	16/24	조회	조회	교양필수 / 경제통상·국제지역계열 B반 수강 / 재학생, 편입생 : 일본학 신청
컴퓨터공학부 [405940]	1	교필		KY677-L2	대학생활길잡이	1	오미정	수(18:50~19:40)	3406()	18/24	조회	조회	교양필수 / 경제통상·국제지역계열 B반 수강 / 재학생, 편입생 : 일본학 신청
컴퓨터공학부 [405940]	1	교필		KY677-M1	대학생활길잡이	1	이해영	수(18:50~19:40)	3201()	12/12		조회	교양필수 / 글로벌·공공인재융합계열 A반 수강 / 재학생, 편입생 : 글로벌인재 신청
컴퓨터공학부 [405940]	1	교필		KY677-M2	대학생활길잡이	1	백준기	수(18:50~19:40)	3202()	9/12		조회	교양필수 / 글로벌·공공인재융합계열 A반 수강 / 재학생, 편입생 : 글로벌인재 신청
컴퓨터공학부 [405940]	1	교필		KY677-M4	대학생활길잡이	1	최형익	수(18:50~19:40)	3204()	9/12			교양필수 / 글로벌·공공인재융합계열 A반 수강 / 재학생, 편입생 : 글로벌인재 신청
컴퓨터공학부 [405940]	1	교필		KY677-M5	대학생활길잡이	1	박상남	수(18:50~19:40)	3206()	12/12	조회	조회	교양필수 / 글로벌·공공인재융합계열 A반 수강 / 재학생, 편입생 : 글로벌인재 신청
컴퓨터공학부 [405940]	1	교필		KY677-N2	대학생활길잡이	1	이일영	월(18:50~19:40)	3202()	18/20	조회		교양필수 / 경제통상·국제지역계열 A반 수강 / 재학생, 편입생 : 중국학 신청
컴퓨터공학부 [405940]	1	교필		KY677-N3	대학생활길잡이	1	김도희	월(18:50~19:40)	3203()	18/20	조회	조회	교양필수 / 경제통상·국제지역계열 A반 수강 / 재학생, 편입생 : 중국학 신청
컴퓨터공학부 [405940]	1	교필		KY677-O1	대학생활길잡이	1	김예랑	월(18:50~19:40)	18101()	24/20	조회	조회	교양필수 / 휴먼서비스계열 B반 수강 / 재학생, 편입생 : 사회복지학 신청
컴퓨터공학부 [405940]	1	교필		KY677-O2	대학생활길잡이	1	장익현	월(18:50~19:40)	18102()	19/26		조회	교양필수 / 휴먼서비스계열 B반 수강 / 재학생, 편입생 : 사회복지학 신청
컴퓨터공학부 [405940]	1	교필		KY677-O3	대학생활길잡이	1	주경희	월(18:50~19:40)	18103()	11/15	조회		교양필수 / 휴먼서비스계열 C반 수강 / 재학생, 편입생 : 재활상담학 신청
컴퓨터공학부 [405940]	1	교필		KY677-O4	대학생활길잡이	1	이인재	월(18:50~19:40)	18211()	8/15		조회	교양필수 / 휴먼서비스계열 C반 수강 / 재학생, 편입생 : 재활상담학 신청
컴퓨터공학부 [405940]	1	교필		KY677-O5	대학생활길잡이	1	이경숙	월(18:50~19:40)	18212()	11/15	조회		교양필수 / 휴먼서비스계열 C반 수강 / 재학생, 편입생 : 재활상담학 신청
컴퓨터공학부 [405940]	1	교필		KY677-O6	대학생활길잡이	1	백변경희	월(18:50~19:40)	18211-1()	8/15		조회	교양필수 / 휴먼서비스계열 C반 수강 / 재학생, 편입생 : 재활상담학 신청
컴퓨터공학부 [405940]	1	교필		KY677-P1	대학생활길잡이	1	전창환	수(18:50~19:40)	3410()	10/15	조회	조회	교양필수 / 경제통상·국제지역계열 C반 수강 / 재학생, 편입생 : 국제경제학 신청
컴퓨터공학부 [405940]	1	교필		KY677-P2	대학생활길잡이	1	정지영	수(18:50~19:40)	3411()	15/15	조회	조회	교양필수 / 경제통상·국제지역계열 C반 수강 / 재학생, 편입생 : 국제경제학 신청
컴퓨터공학부 [405940]	12	교필		KY100-A	채플	(1)	나현기,박충만	월(17:30~18:20)수(16:00~16:50)	4105()	7/100	조회	조회	~22학번 신학대학 2학년 복학생
컴퓨터공학부 [405940]	12	교필		KY101-A	채플	.5	나현기,진형섭,박충만	월(14:30~15:20)	채플실()	549/550	조회	조회	이공계융합(수리,응통),AI·SW계열(컴공, 소웨융, IT영상콘텐츠), AI시스템반도체
컴퓨터공학부 [405940]	12	교필		KY101-B	채플	.5	나현기,강은미,박충만	수(14:30~15:20)	채플실()	546/550	조회	조회	인문융합(국문,종교,철학,독일어,영미,문예,한국사,중문,한중문콘,디영문콘)
컴퓨터공학부 [405940]	12	교필		KY201-A	채플	.5	나현기,진형섭,박충만	월(16:00~16:50)	채플실()	548/551	조회	조회	경영·미디어계열(경영,IT경영,글비,미영), 휴먼서비스계열(사회학과,사복,재활,심아), 특수체육학계열(특체)
컴퓨터공학부 [405940]	12	교필		KY201-B	채플	.5	나현기,강은미,박충만	수(16:00~16:50)	채플실()	492/500	조회	조회	경제·국제지역융합(중국,일본,국경,경제), 글로벌·공공인재융합(국관, 글인, 공공인재)
컴퓨터공학부 [405940]	1234	교필		KY509-A	채플	(1)	나현기,박충만	-	()	6/20	조회	조회	신학대학 NP대상자 수강, 교목실과 상담 후 수강신청, P/NP
컴퓨터공학부 [405940]	23	교필		KY410-A1	진로와상담	(0)	이영미	-	()	12/50	조회	조회	수강신청 변경기간에 조교안내 후 신청
컴퓨터공학부 [405940]	23	교필		KY410-A2	진로와상담	(0)	김주한	-	()	13/50	조회		수강신청 변경기간에 조교안내 후 신청
컴퓨터공학부 [405940]	23	교필		KY410-A3	진로와상담	(0)	김창주	-	()	9/50		조회	수강신청 변경기간에 조교안내 후 신청
컴퓨터공학부 [405940]	23	교필		KY410-A6	진로와상담	(0)	연규홍	-	()	13/50			수강신청 변경기간에 조교안내 후 신청
컴퓨터공학부 [405940]	23	교필		KY410-A7	진로와상담	(0)	김희선	-	()	18/50	조회	조회	수강신청 변경기간에 조교안내 후 신청
컴퓨터공학부 [405940]	23	교필		KY410-B1	진로와상담	(0)	김지혜	-	()	19/50	조회		[교필] 2016학번부터 필수/ 국어국문학과 수강/ 학번 끝자리 7,8,9 수강신청/ P/NP
컴퓨터공학부 [405940]	23	교필		KY410-B2	진로와상담	(0)	유형동	-	()	34/50	조회	조회	[교필]2016학번부터 필수/ 국어국문학과 수강/학번 끝자리 0,1,2,3 수강/ p/np
컴퓨터공학부 [405940]	23	교필		KY410-B3	진로와상담	(0)	김수영	-	()	23/50	조회	조회	[교필]2016학번부터 필수/ 국어국문학과 수강/학번 끝자리 4,5,6 수강/ p/np
컴퓨터공학부 [405940]	23	교필		KY410-B4	진로와상담	(0)	김지혜	-	()	17/40	조회	조회	[교양필수]대생길 때 수강했던 지도교수와 동일하게 신청
컴퓨터공학부 [405940]	23	교필		KY410-B5	진로와상담	(0)	이향미	-	()	33/40	조회	조회	[교양필수]대생길 때 수강했던 지도교수와 동일하게 신청
컴퓨터공학부 [405940]	23	교필		KY410-B6	진로와상담	(0)	박미선	-	()	14/40	조회	조회	[교양필수]대생길 때 수강했던 지도교수와 동일하게 신청
컴퓨터공학부 [405940]	23	교필		KY410-C1	진로와상담	(0)	이형원	-	()	20/20	조회	조회	
컴퓨터공학부 [405940]	23	교필		KY410-C2	진로와상담	(0)	정해득	-	()	17/20	조회	조회	
컴퓨터공학부 [405940]	23	교필		KY410-C3	진로와상담	(0)	정무용	-	()	20/20	조회	조회	
컴퓨터공학부 [405940]	23	교필		KY410-C4	진로와상담	(0)	이영남	-	()	19/20			
컴퓨터공학부 [405940]	23	교필		KY410-C5	진로와상담	(0)	백수린	-	()	23/28	조회		학과에 상담지도교수 안내 받고 직접 수강 신청함,[교필]문예창작
컴퓨터공학부 [405940]	23	교필		KY410-C7	진로와상담	(0)	정한아	-	()	28/28	조회	조회	학과에 상담지도교수 안내 받고 직접 수강 신청함,[교필]문예창작
컴퓨터공학부 [405940]	23	교필		KY410-C8	진로와상담	(0)	강지희	-	()	30/30	조회	조회	학과에 상담지도교수 안내 받고 직접 수강 신청함,[교필]문예창작
컴퓨터공학부 [405940]	23	교필		KY410-D1	진로와상담	(0)	전춘명	-	()	29/30	조회	조회	학과에서 상담교수 지정후 공지 및 개별신청
컴퓨터공학부 [405940]	23	교필		KY410-D2	진로와상담	(0)	오동식	-	()	17/30	조회	조회	학과에서 상담교수 지정후 공지 및 개별신청
컴퓨터공학부 [405940]	23	교필		KY410-D3	진로와상담	(0)	김대오	-	()	22/50	조회	조회	[교양필수]대생길 때 수강했던 지도교수와 동일하게 신청
컴퓨터공학부 [405940]	23	교필		KY410-D6	진로와상담	(0)	김희정	-	()	17/25	조회	조회	[교양필수]대생길 때 수강했던 지도교수와 동일하게 신청
컴퓨터공학부 [405940]	23	교필		KY410-E1	진로와상담	(0)	강인철	-	()	17/40		조회	[교필]종교문화학. 상담지도교수 안내 받고 직접 신청요함.
컴퓨터공학부 [405940]	23	교필		KY410-E6	진로와상담	(0)	김윤성	-	()	44/44	조회	조회	디지털영상문화콘텐츠학(한국인 2-3학년 짝수번호/외국인 2학년)/영상문화학
컴퓨터공학부 [405940]	23	교필		KY410-E7	진로와상담	(0)	이종현	-	()	36/40	조회	조회	디지털영상문화콘텐츠학(한국인 2-3학년 홀수번호/외국인 3학년)
컴퓨터공학부 [405940]	23	교필		KY410-E8	진로와상담	(0)	신광철	-	()	16/40	조회		디지털영상문화콘텐츠학(한국인 4학년/외국인 4학년)/디지털문화콘텐츠학
컴퓨터공학부 [405940]	23	교필		KY410-F1	진로와상담	(0)	류기수	-	()	18/50	조회	조회	학과에 상담지도교수 안내 받고 직접 수강 신청함, 중국어문화학과
컴퓨터공학부 [405940]	23	교필		KY410-F2	진로와상담	(0)	장정해	-	()	9/25	조회	조회	학과에 상담지도교수 안내 받고 직접 수강 신청함, 중국어문화학과
컴퓨터공학부 [405940]	23	교필		KY410-F3	진로와상담	(0)	최민성	-	()	24/30	조회	조회	짝수 학번 수강생 신청
컴퓨터공학부 [405940]	23	교필		KY410-F4	진로와상담	(0)	김남희	-	()	24/30	조회	조회	홀수 학번 수강생 신청
컴퓨터공학부 [405940]	23	교필		KY410-F5	진로와상담	(0)	임익수	-	()	37/31	조회	조회	IT영상콘텐츠학과 / AISW계열 학번/학번끝자리 225~240
컴퓨터공학부 [405940]	23	교필		KY410-G1	진로와상담	(0)	이해영	-	()	20/20		조회	본인 지도교수 확인후 수강신청할 것.
컴퓨터공학부 [405940]	23	교필		KY410-G2	진로와상담	(0)	백준기	-	()	20/20		조회	본인 지도교수 확인후 수강신청할 것.
컴퓨터공학부 [405940]	23	교필		KY410-G4	진로와상담	(0)	최형익	-	()	8/20	조회		본인 지도교수 확인후 수강신청할 것.
컴퓨터공학부 [405940]	23	교필		KY410-G5	진로와상담	(0)	박상남	-	()	26/26	조회	조회	본인 지도교수 확인후 수강신청할 것.
컴퓨터공학부 [405940]	23	교필		KY410-G6	진로와상담	(0)	양우진	-	()	23/20	조회	조회	
컴퓨터공학부 [405940]	23	교필		KY410-G7	진로와상담	(0)	한재명	-	()	20/20			
컴퓨터공학부 [405940]	23	교필		KY410-G8	진로와상담	(0)	성락선	-	()	21/21	조회	조회	
컴퓨터공학부 [405940]	23	교필		KY410-H2	진로와상담	(0)	윤상철	-	()	16/25	조회	조회	포털시스템에서 상담 지도교수 확인 후 수강신청
컴퓨터공학부 [405940]	23	교필		KY410-H3	진로와상담	(0)	노중기	-	()	18/25	조회	조회	포털시스템에서 상담 지도교수 확인 후 수강신청
컴퓨터공학부 [405940]	23	교필		KY410-I1	진로와상담	(0)	문철수	-	()	38/33	조회		
컴퓨터공학부 [405940]	23	교필		KY410-I2	진로와상담	(0)	채희상	-	()	41/33	조회	조회	
컴퓨터공학부 [405940]	23	교필		KY410-I3	진로와상담	(0)	지원배	-	()	37/33	조회	조회	
컴퓨터공학부 [405940]	23	교필		KY410-I4	진로와상담	(0)	박혜영	-	()	39/33		조회	
컴퓨터공학부 [405940]	23	교필		KY410-J1	진로와상담	(0)	홍선미	-	()	22/20		조회	학번 마지막 숫자 0~1 수강 신청
컴퓨터공학부 [405940]	23	교필		KY410-J2	진로와상담	(0)	김예랑	-	()	22/20	조회	조회	학번 마지막 숫자 2~3 수강 신청
컴퓨터공학부 [405940]	23	교필		KY410-J4	진로와상담	(0)	이경숙	-	()	20/20	조회		학과 상담지도교수 안내받고 직접 수강신청,[2016학번부터필수]재활학과/P/NP과목
컴퓨터공학부 [405940]	23	교필		KY410-J5	진로와상담	(0)	백변경희	-	()	25/20		조회	학과 상담지도교수 안내받고 직접 수강신청,[2016학번부터필수]재활학과/P/NP과목
컴퓨터공학부 [405940]	23	교필		KY410-J6	진로와상담	(0)	이인재	-	()	23/20		조회	학과 상담지도교수 안내받고 직접 수강신청,[2016학번부터필수]재활학과/P/NP과목
컴퓨터공학부 [405940]	23	교필		KY410-J7	진로와상담	(0)	주경희	-	()	25/25	조회	조회	학번 마지막 숫자 4~5 수강 신청
컴퓨터공학부 [405940]	23	교필		KY410-J8	진로와상담	(0)	장익현	-	()	25/25	조회	조회	학번 마지막 숫자 6~7 수강 신청
컴퓨터공학부 [405940]	23	교필		KY410-K2	진로와상담	(0)	조규청	-	()	39/45	조회		
컴퓨터공학부 [405940]	23	교필		KY410-K3	진로와상담	(0)	박상현	-	()	29/45	조회		
컴퓨터공학부 [405940]	23	교필		KY410-K4	진로와상담	(0)	구훈정	-	()	39/40	조회	조회	포털시스템에서 상담 지도교수 확인 후 수강 신청
컴퓨터공학부 [405940]	23	교필		KY410-K5	진로와상담	(0)	김상원	-	()	34/30	조회		포털시스템에서 상담 지도교수 확인 후 수강 신청
컴퓨터공학부 [405940]	23	교필		KY410-K8	진로와상담	(0)	안도연	-	()	37/37	조회	조회	포털시스템에서 상담 지도교수 확인 후 수강 신청
컴퓨터공학부 [405940]	23	교필		KY410-L1	진로와상담	(0)	김경민	-	()	9/35			희망 상담지도교수로 직접 수강 신청, 인원 초과시 신청 가능한 타 상담지도교수로 신청할 것
컴퓨터공학부 [405940]	23	교필		KY410-L2	진로와상담	(0)	김경민	-	()	35/35			희망 상담지도교수로 직접 수강 신청, 인원 초과시 신청 가능한 타 상담지도교수로 신청할 것
컴퓨터공학부 [405940]	23	교필		KY410-L3	진로와상담	(0)	정의범	-	()	37/37	조회	조회	희망 상담지도교수로 직접 수강 신청, 인원 초과시 신청 가능한 타 상담지도교수로 신청할 것
컴퓨터공학부 [405940]	23	교필		KY410-L4	진로와상담	(0)	이건범	-	()	29/35	조회	조회	희망 상담지도교수로 직접 수강 신청, 인원 초과시 신청 가능한 타 상담지도교수로 신청할 것
컴퓨터공학부 [405940]	23	교필		KY410-L5	진로와상담	(0)	박규호	-	()	26/35	조회	조회	희망 상담지도교수로 직접 수강 신청, 인원 초과시 신청 가능한 타 상담지도교수로 신청할 것
컴퓨터공학부 [405940]	23	교필		KY410-L6	진로와상담	(0)	양영수	-	()	34/50	조회	조회	포털메인 상담현황 상담사(=지도교수) 확인후 신청
컴퓨터공학부 [405940]	23	교필		KY410-L7	진로와상담	(0)	장종익	-	()	7/50		조회	포털메인 상담현황 상담사(=지도교수) 확인후 신청
컴퓨터공학부 [405940]	23	교필		KY410-L8	진로와상담	(0)	유한나	-	()	18/50	조회	조회	포털메인 상담현황 상담사(=지도교수) 확인후 신청
컴퓨터공학부 [405940]	23	교필		KY410-M1	진로와상담	(0)	신재우	-	()	11/35	조회		학과사무실에서 안내받고 직접 신청.
컴퓨터공학부 [405940]	23	교필		KY410-M3	진로와상담	(0)	김상욱	-	()	12/30	조회	조회	학과사무실에서 안내받고 직접 신청.
컴퓨터공학부 [405940]	23	교필		KY410-M4	진로와상담	(0)	이남연	-	()	26/35	조회	조회	학과사무실에서 안내받고 직접 신청.
컴퓨터공학부 [405940]	23	교필		KY410-M6	진로와상담	(0)	이일영	-	()	17/45	조회		학과에 상담지도교수 안내 받고 직접 수강 신청함,[교필]중국학과
컴퓨터공학부 [405940]	23	교필		KY410-M7	진로와상담	(0)	김도희	-	()	13/45	조회	조회	학과에 상담지도교수 안내 받고 직접 수강 신청함,[교필]중국학과
컴퓨터공학부 [405940]	23	교필		KY410-N1	진로와상담	(0)	송주명	-	()	28/40	조회	조회	학과에 상담지도교수 안내 받고 직접 수강 신청함,[교필]일본학과
컴퓨터공학부 [405940]	23	교필		KY410-N2	진로와상담	(0)	오미정	-	()	27/40	조회	조회	학과에 상담지도교수 안내 받고 직접 수강 신청함,[교필]일본학과
컴퓨터공학부 [405940]	23	교필		KY410-N5	진로와상담	(0)	전창환	-	()	17/20	조회	조회	[교필]국제경제학과 (학번 끝 뒷자리 0, 1, 2, 3 수강 신청)
컴퓨터공학부 [405940]	23	교필		KY410-N6	진로와상담	(0)	정지영	-	()	20/20	조회	조회	[교필]국제경제학과 (학번 끝 뒷자리 4, 5, 6 수강 신청)
컴퓨터공학부 [405940]	23	교필		KY410-N7	진로와상담	(0)	정희진	-	()	19/20	조회	조회	[교필]국제경제학과 (학번 끝 뒷자리 7, 8, 9 수강 신청)
컴퓨터공학부 [405940]	23	교필		KY410-O1	진로와상담	(0)	박기현	-	()	25/25	조회	조회	
컴퓨터공학부 [405940]	23	교필		KY410-O2	진로와상담	(0)	양춘우	-	()	25/25	조회	조회	
컴퓨터공학부 [405940]	23	교필		KY410-O3	진로와상담	(0)	정재웅	-	()	27/25	조회	조회	
컴퓨터공학부 [405940]	23	교필		KY410-O5	진로와상담	(0)	박동련	-	()	41/41	조회	조회	학과에 상담지도교수 안내 받고 직접 수강 신청함,[교필]응용통계학과
컴퓨터공학부 [405940]	23	교필		KY410-O6	진로와상담	(0)	유한나	-	()	28/41	조회	조회	학과에 상담지도교수 안내 받고 직접 수강 신청함,[교필]응용통계학과
컴퓨터공학부 [405940]	23	교필		KY410-P1	진로와상담	(0)	윤효석	-	()	32/35	조회	조회	[2016학번부터필수]컴퓨터공학부/P/NP과목/학번끝3자리001~010,21//AISW계열 학번/학번끝자리 001~014
컴퓨터공학부 [405940]	23	교필		KY410-P2	진로와상담	(0)	나근식	-	()	27/35	조회	조회	[2016학번부터필수]컴퓨터공학부/P/NP과목/학번끝3자리011~020,22
컴퓨터공학부 [405940]	23	교필		KY410-P3	진로와상담	(0)	김성기	-	()	23/35	조회	조회	[2016학번부터필수]컴퓨터공학부/P/NP과목/학번끝3자리031~040,23
컴퓨터공학부 [405940]	23	교필		KY410-P4	진로와상담	(0)	강영경	-	()	27/35			[2016학번부터필수]컴퓨터공학부/P/NP과목/학번끝3자리041~050,24//AISW계열 학번/학번끝자리 015~029
컴퓨터공학부 [405940]	23	교필		KY410-P5	진로와상담	(0)	최창원	-	()	16/35		조회	[2016학번부터필수]컴퓨터공학부/P/NP과목/학번끝3자리051~060,25
컴퓨터공학부 [405940]	23	교필		KY410-P6	진로와상담	(0)	장재건	-	()	26/35		조회	[2016학번부터필수]컴퓨터공학부/P/NP과목/학번끝3자리061~070,26//AISW계열 학번/학번끝자리 030~044
컴퓨터공학부 [405940]	23	교필		KY410-P7	진로와상담	(0)	이성구	-	()	14/35		조회	[2016학번부터필수]컴퓨터공학부/P/NP과목/학번끝3자리081~090,27
컴퓨터공학부 [405940]	23	교필		KY410-P8	진로와상담	(0)	박성진	-	()	23/35		조회	[2016학번부터필수]컴퓨터공학부/P/NP과목/학번끝3자리091~100,28//AISW계열 학번/학번끝자리 045~059
컴퓨터공학부 [405940]	23	교필		KY410-P9	진로와상담	(0)	이형우	-	()	24/35	조회	조회	[2016학번부터필수]컴퓨터공학부/P/NP과목/학번끝3자리101~110,29//AISW계열 학번/학번끝자리 060~074
컴퓨터공학부 [405940]	23	교필		KY410-Q1	진로와상담	(0)	류승택	-	()	26/35		조회	[2016학번부터필수]컴퓨터공학부/P/NP과목/학번끝3자리111~120,30//AISW계열 학번/학번끝자리 075~089
컴퓨터공학부 [405940]	23	교필		KY410-Q2	진로와상담	(0)	이양선	-	()	23/35	조회	조회	[2016학번부터필수]컴퓨터공학부/P/NP과목/학번끝3자리121~130,71~72//AISW계열 학번/학번끝자리 090~104
컴퓨터공학부 [405940]	23	교필		KY410-Q3	진로와상담	(0)	임익수	-	()	22/35	조회	조회	[2016학번부터필수]컴퓨터공학부/P/NP과목/학번끝3자리131~140, 73~75//AISW계열 학번/학번끝자리 105~119
컴퓨터공학부 [405940]	23	교필		KY410-Q4	진로와상담	(0)	박기홍	-	()	24/35	조회		2016학번부터필수]컴퓨터공학부/P/NP과목/학번끝3자리141~, 76~80//AISW계열 학번/학번끝자리 120~134
컴퓨터공학부 [405940]	23	교필		KY410-R1	진로와상담	(0)	조성호	-	()	32/35	조회	조회	[2016학번부터필수]소프트웨어융합학부/P/NP과목, 학번의 끝자리가 0~1인 학생 / AISW계열 학번/학번끝자리 135~149
컴퓨터공학부 [405940]	23	교필		KY410-R2	진로와상담	(0)	안현	-	()	36/35	조회	조회	[2016학번부터필수]소프트웨어융합학부/P/NP과목, 학번의 끝자리가 2~3인 학생 / AISW계열 학번/학번끝자리 150~164
컴퓨터공학부 [405940]	23	교필		KY410-R3	진로와상담	(0)	손승일	-	()	12/35	조회		[2016학번부터필수] AISW계열 학번/학번끝자리 165~179
컴퓨터공학부 [405940]	23	교필		KY410-R4	진로와상담	(0)	이경옥	-	()	8/35	조회	조회	[2016학번부터필수] AISW계열 학번/학번끝자리 180~194
컴퓨터공학부 [405940]	23	교필		KY410-R5	진로와상담	(0)	이용걸	-	()	35/35	조회	조회	[2016학번부터필수]소프트웨어융합학부/P/NP과목, 학번의 끝자리가 4~5인 학생 / AISW계열 학번/학번끝자리 195~209
컴퓨터공학부 [405940]	23	교필		KY410-R6	진로와상담	(0)	정승민	-	()	34/35	조회	조회	[2016학번부터필수]소프트웨어융합학부/P/NP과목, 학번의 끝자리가 6~7인 학생 / AISW계열 학번/학번끝자리 210~224
컴퓨터공학부 [405940]	23	교필		KY410-R8	진로와상담	(0)	김현경	-	()	26/35	조회	조회	[2016학번부터필수]소프트웨어융합학부/P/NP과목, 학번의 끝자리가 8~9인 학생
컴퓨터공학부 [405940]	23	교필		KY410-V1	진로와상담	(0)	이석민	-	()	11/30	조회	조회	학과에서 지도교수 확인 및 안내 받은 후 수강신청
컴퓨터공학부 [405940]	23	교필		KY410-V2	진로와상담	(0)	윤건	-	()	15/30		조회	학과에서 지도교수 확인 및 안내 받은 후 수강신청
컴퓨터공학부 [405940]	23	교필		KY410-V3	진로와상담	(0)	노승철	-	()	26/30	조회	조회	학과에서 지도교수 확인 및 안내 받은 후 수강신청
컴퓨터공학부 [405940]	234	교필		KY217-A	성서의세계	2	정용택	화(17:30~19:10)	18420()	59/90	조회		교필과목/2,3,4학년 성서관련 과목 미이수자
컴퓨터공학부 [405940]	234	교필		KY304-A	채플	(1)	나현기,진형섭,박충만	월(17:30~18:20)	채플실()	83/200	조회	조회	신학대학 2~4학년 수강(복수전공자 포함), P/NP
컴퓨터공학부 [405940]	34	교필	글로벌	KY721-A	영어Ⅰ	2	야니	월(14:30~15:45)수(14:30~15:45)	3412()	18/20	조회		교양필수 영어1 재수강반(2022학번까지 수강 가능) / 한시적개설
컴퓨터공학부 [405940]	1	교선	창의융합	*KY117-A	한국어쓰기기초2	3	김연숙	금(09:30~10:45)금(11:00~12:15)	3411()	20/20	조회	조회	외국인학생 전용강의
컴퓨터공학부 [405940]	1	교선	창의융합	*KY119-A	한국어말하기기초2	3	김혜련	화(09:30~10:45)목(11:00~12:15)	3408()	17/20	조회	조회	외국인학생 전용강의 / TOPIK 말하기반
컴퓨터공학부 [405940]	1	교선	창의융합	*KY121-A	한국생활배우기2	3	정예수	목(13:00~14:15)목(14:30~15:45)	3505()	21/35	조회	조회	외국인학생 전용강의
컴퓨터공학부 [405940]	1	교선	소통	*KY130-A	고급한국어회화2	3	최승희	화(11:00~12:15)목(09:30~10:45)	3410()	18/20	조회		외국인학생 전용강의
컴퓨터공학부 [405940]	1	교선	소통	*KY132-A	고급한국어문법2	3	정근희	금(09:30~10:45)금(11:00~12:15)	3412()	23/30	조회		외국인학생 전용강의
컴퓨터공학부 [405940]	1	교선		*KY133-A	소통의기술	3	정예수	화(09:30~10:45)목(11:00~12:15)	3505()	32/35	조회		외국인학생 전용강의
컴퓨터공학부 [405940]	1	교선	글로벌	*KY134-A	K-POP실습	3	강형모	월(13:00~14:15)수(13:00~14:15)	10203()	23/30	조회		외국인학생 전용강의
컴퓨터공학부 [405940]	1	교선	글로벌	*KY134-B	K-POP실습	3	강형모	월(11:00~12:15)수(09:30~10:45)	10203()	30/30	조회		외국인학생 전용강의
컴퓨터공학부 [405940]	1	교선	글로벌	*KY135-A	기타교실	3	이승원	월(13:00~14:15)수(13:00~14:15)	10205()	19/30	조회		외국인학생 전용강의 / 준비물 : 개인 기타 구비 필수
컴퓨터공학부 [405940]	1	교선		*KYC71-A	스포츠실습	3	이영훈	월(13:00~14:15)수(13:00~14:15)	10301()	27/30	조회	조회	외국인학생 전용강의
컴퓨터공학부 [405940]	1	교선		*KYC71-B	스포츠실습	3	이영훈	월(14:30~15:45)수(14:30~15:45)	10301()	20/30	조회	조회	외국인학생 전용강의
컴퓨터공학부 [405940]	1	교선		*KYC72-A	신체표현활동	3	김환희	목(13:00~14:15)목(14:30~15:45)	10205()	15/30	조회	조회	외국인학생 전용강의
컴퓨터공학부 [405940]	1	교선	글로벌	KY991-B2	기초영어회화1	2	모리스	월(13:00~14:15)수(13:00~14:15)	3411()	20/20	조회	조회	영문과수강금지(1학년허용) / 수강인원 5명 이상 개설
컴퓨터공학부 [405940]	1	교선	글로벌	KY991-B3	기초영어회화1	2	모리스	화(09:30~10:45)목(11:00~12:15)	3411()	13/20	조회	조회	영문과수강금지(1학년허용) / 수강인원 5명 이상 개설, 15명이하절대평가
컴퓨터공학부 [405940]	1	교선	글로벌	KY991-B4	기초영어회화1	2	모리스	화(11:00~12:15)목(09:30~10:45)	3411()	10/20	조회	조회	영문과수강금지(1학년허용) / 수강인원 5명 이상 개설, 15명이하절대평가
컴퓨터공학부 [405940]	1	교선	글로벌	KY991-C1	기초영어회화1	2	매튜	화(13:00~14:15)목(13:00~14:15)	20506()	20/20	조회		영문과수강금지(1학년허용) / 수강인원 5명 이상 개설, 15명이하절대평가
컴퓨터공학부 [405940]	1	교선	글로벌	KY993-A1	중급영어회화1	2	매튜	월(09:30~10:45)수(11:00~12:15)	20506()	15/15	조회	조회	영문과수강금지(1학년허용) / 수강인원 5명 이상 개설(절대평가)
컴퓨터공학부 [405940]	1	교선	글로벌	KY993-A2	중급영어회화1	2	매튜	월(11:00~12:15)수(09:30~10:45)	20506()	15/15	조회	조회	영문과수강금지(1학년허용) / 수강인원 5명 이상 개설(절대평가)
컴퓨터공학부 [405940]	1	교선	글로벌	KY993-A3	중급영어회화1	2	매튜	월(13:00~14:15)수(13:00~14:15)	20506()	15/15	조회	조회	영문과수강금지(1학년허용) / 수강인원 5명 이상 개설(절대평가)
컴퓨터공학부 [405940]	1	교선	글로벌	KY993-A4	중급영어회화1	2	매튜	월(14:30~15:45)수(14:30~15:45)	20506()	14/15	조회	조회	영문과수강금지(1학년허용) / 수강인원 5명 이상 개설(절대평가)
컴퓨터공학부 [405940]	1	교선	지식정보	KYA21-A	물리란무엇인가	3	정태성	월(13:00~14:15)수(13:00~14:15)	18520()	68/80	조회	조회	구) 물리및실험 이수자 수강 불가
컴퓨터공학부 [405940]	1	교선	리더십	KYA22-A	인간과교육	3	옥장흠	화(14:30~15:45)	18103()	47/49	조회	조회	블랜디드 수업
컴퓨터공학부 [405940]	1	교선	인문	KYA24-A	중국문화길잡이	3	류기수	-	()	70/70	조회	조회	온라인 수강. 중국 관련 전공(복수전공 포함)3-4학년 수강 불인정
컴퓨터공학부 [405940]	1	교선	글로벌	KYA30-A	기초독일어실습Ⅰ	2	전춘명	-	()	90/90	조회	조회	교내온라인 / 독어독문학 수강금지(1학년허용), 구)독일어Ⅰ
컴퓨터공학부 [405940]	1	교선	리더십	KYA47-A	북한의문화와일상생활	3	이영수	목(13:00~14:15)목(14:30~15:45)	3308()	35/70	조회		
컴퓨터공학부 [405940]	1	교선	지식정보	KYA67-A	지혜로운소비와재테크	3	염동호	월(13:00~14:15)수(13:00~14:15)	18211()	90/90	조회	조회	
컴퓨터공학부 [405940]	1	교선	창의융합	KYA69-A	연기예술1:행동	3	장우현	목(13:00~14:15)목(14:30~15:45)	18523()	50/50	조회	조회	
컴퓨터공학부 [405940]	1	교선	창의융합	KYA70-A	감정수업:침묵과말	3	장우현	목(16:00~17:15)목(17:30~18:45)	18523()	48/50	조회	조회	
컴퓨터공학부 [405940]	1	교선	창의융합	KYA76-A	기술과인간의미래	3	전병유	화(16:00~17:15)화(17:30~18:45)	18519()	69/90	조회	조회	구)기계와인간의미래
컴퓨터공학부 [405940]	1	교선	글로벌	KYA77-A	도시와환경	3	이상헌	목(13:00~14:15)목(14:30~15:45)	18212()	90/90	조회		구)생태론이란무엇인가
컴퓨터공학부 [405940]	1	교선	리더십	KYA80-A	통일과북한의이해	3	장창준	화(13:00~14:15)화(14:30~15:45)	3203()	40/70	조회		
컴퓨터공학부 [405940]	1	교선	글로벌	KYA81-A	금융과사회	3	연제호	월(09:30~10:45)수(11:00~12:15)	3203()	65/65	조회		
컴퓨터공학부 [405940]	1	교선	인문	KYA82-A	아동발달과양육사의이해	3	김용훈	화(13:00~14:15)화(14:30~15:45)	18420()	89/90	조회		발달재활서비스제공인력 놀이심리재활 공통선택 과목
컴퓨터공학부 [405940]	1	교선	창의융합	KYA88-A	기독교와음식문화	3	옥장흠	-	()	90/90	조회	조회	교양필수아님,일반교양선택과목
컴퓨터공학부 [405940]	1	교선	지식정보	KYA89-A	4차산업기술의이해와미래	3	염동호	화(16:00~17:15)화(17:30~18:45)	18211()	37/90	조회	조회	
컴퓨터공학부 [405940]	1	교선	리더십	KYA94-A	문학으로읽는동아시아의평화	3	김계자	월(13:00~14:15)수(13:00~14:15)	3321()	40/40	조회	조회	
컴퓨터공학부 [405940]	1	교선	창의융합	KYB24-A	빅데이터분석원리및분석방법론(중급)	3	염동호	화(13:00~14:15)화(14:30~15:45)	18308()	28/40	조회	조회	빅데이터분석 마이크로전공, 비이공계학생 우선수강신청
컴퓨터공학부 [405940]	1	교선	인문	KYC21-A	오르간연주법1	2	정춘	월(13:00~14:40)	4105()	20/20	조회		
컴퓨터공학부 [405940]	1	교선	인문	KYC41-A	나를찾아떠나는여행	2	강은미	금(17:30~19:10)	4107()	29/30	조회	조회	
컴퓨터공학부 [405940]	1	교선	지식정보	KYC45-A	게임과e스포츠영상의이해	3	최은경	월(13:00~14:15)수(13:00~14:15)	3506()	48/48	조회	조회	
컴퓨터공학부 [405940]	1	교선	리더십	KYC46-A	국제개발협력과글로벌이슈	3	이종운	월(13:00~14:15)수(13:00~14:15)	3505()	45/45	조회	조회	글로벌인재학부 학생 수강금지
컴퓨터공학부 [405940]	1	교선	글로벌	KYC57-A	세계지역과글로벌이슈의이해	3	이종운	화(13:00~14:15)화(14:30~15:45)	3505()	45/45	조회	조회	글로벌인재학부 학생 수강금지
컴퓨터공학부 [405940]	1	교선	소통	KYC58-A	아시아도시문화탐방	3	김계자	목(13:00~14:15)목(14:30~15:45)	3321()	40/40	조회	조회	
컴퓨터공학부 [405940]	1	교선	지식정보	KYC68-A	디지털게임개발을통한컴퓨터의이해	3	박종현	화(13:00~14:15)화(14:30~15:45)	18307()	35/35	조회	조회	컴공,정통 수강금지/ 3D콘텐츠제작 수강자는 수강불가
컴퓨터공학부 [405940]	1	교선	글로벌	KYC69-A	실용영어	3	심주연	화(13:00~14:15)화(14:30~15:45)	18104()	30/30	조회		전학년 수강가능/구)비즈니스영어/구)실용영어연습
컴퓨터공학부 [405940]	1	교선	인문	KYC70-A	문화산업과콘텐츠	3	배현주	-	()	90/90	조회	조회	기존 '문화산업과대중문화' 수강생 수강불가 / 교내온라인
컴퓨터공학부 [405940]	1	교선	창의융합	KYC82-A	음악의이해와기악실습	2	정춘	화(13:00~14:40)	17202()	20/20	조회		
컴퓨터공학부 [405940]	1	교선	글로벌	KYC85-A	우리가몰랐던동남아시아	3	유은하	화(13:00~14:15)화(14:30~15:45)	3204()	50/50	조회		
컴퓨터공학부 [405940]	1	교선	리더십	KYC86-A	e스포츠경영의이해	3	최은경	월(14:30~15:45)수(14:30~15:45)	3506()	28/30	조회		
컴퓨터공학부 [405940]	1	교선	지식정보	KYC87-A	인공지능시대말과글	3	최은경	월(16:00~17:15)	20404()	29/30	조회		블랜디드 수업
컴퓨터공학부 [405940]	1	교선	소통	KYC88-A	인간관계와의사소통	3	옥장흠	-	()	90/90	조회		교내온라인
컴퓨터공학부 [405940]	1	교선	인문	KYC89-A	세계의전쟁과평화	3	유은하	목(13:00~14:15)목(14:30~15:45)	18101()	49/50	조회		
컴퓨터공학부 [405940]	1	교선		KYC90-A	모두의AI교양수학	3	나경욱	화(16:00~17:15)화(17:30~18:45)	18520()	20/50	조회		
컴퓨터공학부 [405940]	1	교선	소통	KYC91-A	중국사를통해본리더십	3	류기수	-	()	88/90	조회		교내온라인
컴퓨터공학부 [405940]	1	교선	지식정보	KYC95-A	경제생활과법	3	유영국	화(16:00~17:15)화(17:30~18:45)	18420-1()	15/90	조회		신규 교양교과목 / 강의실변경 18421 > 18420-1
컴퓨터공학부 [405940]	1	교선	지식정보	KYC96-A	공정거래와법정책이야기	3	유영국	월(13:00~14:15)수(13:00~14:15)	3503()	9/50	조회		신규 교양교과목
컴퓨터공학부 [405940]	1	교선	글로벌	*KY032-B	초급한국어문법Ⅱ	3	김연숙	목(13:00~14:15)목(14:30~15:45)	3503()	14/20	조회	조회	외국인학생 전용강의 / 강의실변경 3411 > 3503
컴퓨터공학부 [405940]	1	교선	글로벌	*KY033-A	초급한국어회화Ⅱ	3	최현실	금(13:00~14:15)금(14:30~15:45)	3405()	20/20	조회	조회	외국인학생 전용강의
컴퓨터공학부 [405940]	1	교선	글로벌	*KY033-B	초급한국어회화Ⅱ	3	신남미	목(13:00~14:15)목(14:30~15:45)	3405()	12/20	조회	조회	외국인학생 전용강의
컴퓨터공학부 [405940]	1	교선	글로벌	*KY034-A	중급한국어문법Ⅱ	3	신남미	화(13:00~14:15)화(14:30~15:45)	3405()	17/30	조회		외국인학생 전용강의
컴퓨터공학부 [405940]	1	교선	글로벌	*KY034-B	중급한국어문법Ⅱ	3	김연숙	화(13:00~14:15)화(14:30~15:45)	3411()	21/30	조회	조회	외국인학생 전용강의
컴퓨터공학부 [405940]	1	교선	글로벌	*KY035-A	중급한국어회화Ⅱ	3	최현실	금(09:30~10:45)금(11:00~12:15)	3405()	20/20	조회	조회	외국인학생 전용강의
컴퓨터공학부 [405940]	1	교선	글로벌	*KY035-B	중급한국어회화Ⅱ	3	정근희	화(13:00~14:15)화(14:30~15:45)	3406()	12/20	조회		외국인학생 전용강의
컴퓨터공학부 [405940]	1	교선	창의융합	*KY114-A	한국어듣기기초2	3	김혜련	화(11:00~12:15)목(09:30~10:45)	3408()	14/20	조회	조회	외국인학생 전용강의 / TOPIK 3급 자격증반
컴퓨터공학부 [405940]	1	교선	지식정보	KY241-A	노벨상으로보는과학의역사	3	정태성	화(16:00~17:15)화(17:30~18:45)	18421()	90/90	조회	조회	강의실변경 18523 > 18421
컴퓨터공학부 [405940]	1	교선	지식정보	KY245-A	수재수학:수포자를위한재미있는수학	3	나경욱	화(13:00~14:15)화(14:30~15:45)	18520()	80/80	조회	조회	
컴퓨터공학부 [405940]	1	교선	인문	KY286-A	서양사의이해	3	이시연	금(13:00~14:15)금(14:30~15:45)	18421()	77/90	조회	조회	
컴퓨터공학부 [405940]	1	교선	지식정보	KY309-A	생활속의실용금융	3	장순택	금(13:00~14:15)금(14:30~15:45)	18212()	49/50	조회	조회	수강생 전원 교재 지원 / 외부기관 지원사업
컴퓨터공학부 [405940]	1	교선	인문	KY361-A	문학과성	3	박미선	화(13:00~14:15)화(14:30~15:45)	18418()	43/48	조회	조회	
컴퓨터공학부 [405940]	1	교선	인문	KY382-A	종교와인간	3	류성민	화(13:00~14:15)화(14:30~15:45)	7215()	89/90	조회	조회	종교문화학과 수강금지(1학년 허용)
컴퓨터공학부 [405940]	1	교선	리더십	KY419-A	현대사회와복지	3	주경희	화(11:00~12:15)목(09:30~10:45)	18519()	69/90	조회	조회	
컴퓨터공학부 [405940]	1	교선	리더십	KY448-A	한국사회와사회문제	3	이미애	-	()	49/50	조회		교내온라인으로 변경
컴퓨터공학부 [405940]	1	교선	창의융합	KY471-A	논리와비판적사고	3	조현진	월(14:30~15:45)수(14:30~15:45)	18211()	56/90	조회	조회	
컴퓨터공학부 [405940]	1	교선	지식정보	KY472-A	생활법률	3	최영호	화(13:00~14:15)화(14:30~15:45)	18211()	86/90	조회	조회	
컴퓨터공학부 [405940]	1	교선	지식정보	KY508-A	1인미디어만들기	3	최은경	-	()	30/30	조회	조회	교내온라인
컴퓨터공학부 [405940]	1	교선	리더십	KY532-A	한신탐구	2	이상철	수(11:00~12:40)	4107()	48/50	조회	조회	
컴퓨터공학부 [405940]	1	교선	창의융합	KY554-A	e-비즈니스의이해	3	한광희	화(13:00~14:15)화(14:30~15:45)	18523()	89/90	조회		IT경영학과/e-비즈니스학과 수강불가
컴퓨터공학부 [405940]	1	교선	지식정보	KY588-A	생활속의수학	3	이호규	-	()	89/90	조회	조회	LMS 온라인 수업
컴퓨터공학부 [405940]	1	교선	글로벌	KY646-A	프랑스어회화및실습Ⅰ	2	이익주	월(16:00~17:15)수(17:30~18:45)	18418()	30/30	조회	조회	
컴퓨터공학부 [405940]	1	교선	글로벌	KY662-A	초급일본어Ⅰ	2	이혜원	화(13:00~14:15)목(13:00~14:15)	18103()	40/40	조회	조회	일본학과수강금지(1학년허용)
컴퓨터공학부 [405940]	1	교선	글로벌	KY667-A	초급일본어회화Ⅰ	1	이혜원	화(11:00~12:40)	18103()	29/30	조회	조회	일본학과수강금지(1학년허용)
컴퓨터공학부 [405940]	1	교선	인문	KY692-A	쟁점으로본한국현대사	3	정무용	월(14:30~15:45)수(14:30~15:45)	3203()	57/60	조회		
컴퓨터공학부 [405940]	1	교선	창의융합	KY693-A	광고와삶	3	강석원	-	()	90/90	조회	조회	교내온라인 / 미디어영상광고홍보제외
컴퓨터공학부 [405940]	1	교선	인문	KY696-A	문학과영화에서죽음의의미	3	오동식	금(16:00~17:15)금(17:30~18:45)	18523()	90/90	조회	조회	
컴퓨터공학부 [405940]	1	교선	인문	KY724-A	드라마의이해	3	김민수	목(13:00~14:15)목(14:30~15:45)	3506()	48/48	조회		
컴퓨터공학부 [405940]	1	교선	인문	KY734-A	영화입문	3	이익주	화(13:00~14:15)화(14:30~15:45)	18421()	90/90	조회	조회	
컴퓨터공학부 [405940]	1	교선	인문	KY747-A	중국사의이해	3	유은하	월(13:00~14:15)수(13:00~14:15)	18519()	88/90	조회		
컴퓨터공학부 [405940]	1	교선	인문	KY755-A	철학이란무엇인가	3	이문교	월(16:00~17:15)수(17:30~18:45)	18519()	82/90	조회	조회	
컴퓨터공학부 [405940]	1	교선	인문	KY756-A	현대사회와윤리	3	김대오	화(16:00~17:15)화(17:30~18:45)	3505()	37/48	조회	조회	
컴퓨터공학부 [405940]	1	교선	리더십	KY765-A	정치란무엇인가	3	박상준	목(16:00~17:15)목(17:30~18:45)	3203()	70/70	조회	조회	
컴퓨터공학부 [405940]	1	교선	지식정보	KY786-A	뉴턴과근대과학탄생의비밀	3	정태성	월(09:30~10:45)수(11:00~12:15)	18520()	71/90	조회	조회	
컴퓨터공학부 [405940]	1	교선	지식정보	KY793-A	우주의한마을:지구의이해	3	정태성	월(11:00~12:15)수(09:30~10:45)	18418()	48/48	조회	조회	
컴퓨터공학부 [405940]	1	교선	지식정보	KY800-A	구급과안전교육	2	강지연	금(09:30~10:45)금(11:00~12:15)	18523()	66/90	조회	조회	
컴퓨터공학부 [405940]	1	교선	인문	KY817-A	축구	2	명왕성	수(16:00~17:15)수(17:30~18:45)	10301()	30/30	조회	조회	특체과수강금지(1학년허용)
컴퓨터공학부 [405940]	1	교선	인문	KY818-A	농구	2	박상현	목(13:00~14:15)목(14:30~15:45)	10301()	25/25	조회	조회	특체과수강금지(1학년허용)
컴퓨터공학부 [405940]	1	교선	인문	KY820-A	테니스	2	김수겸	목(09:30~10:45)목(11:00~12:15)	10301()	30/30	조회	조회	특체과수강금지(1학년허용)
컴퓨터공학부 [405940]	1	교선	인문	KY826-A	호신술	2	김윤정	목(13:00~14:15)목(14:30~15:45)	10206()	25/30	조회	조회	특체과수강금지(1학년허용)
컴퓨터공학부 [405940]	1	교선	인문	KY828-A	등산과트래킹	2	명왕성	금(13:00~14:15)금(14:30~15:45)	10204()	30/30	조회	조회	특체과수강금지(1학년허용)
컴퓨터공학부 [405940]	1	교선	리더십	KY835-A	봉사활동Ⅰ	1	차윤정,박원식	-	()	75/90	조회		P/N 교과목/오리엔테이션 필참,30시간이상 봉사활동 수행, 인증서 제출
컴퓨터공학부 [405940]	1	교선	글로벌	KY842-A	중국어Ⅰ	2	문미진	화(14:30~15:45)목(14:30~15:45)	7103()	36/50	조회	조회	중국어문화콘텐츠학 2학년 이상 수강 금지
컴퓨터공학부 [405940]	1	교선	글로벌	KY844-A	중국어회화Ⅰ	2	PANG LI	월(13:00~14:15)수(13:00~14:15)	3408()	30/30	조회	조회	중국어문화콘텐츠학 2학년 이상 수강 금지
컴퓨터공학부 [405940]	1	교선	소통	KY861-A	올바른언어생활	2	성은실	화(16:00~17:15)화(17:30~18:45)	7215()	70/74	조회	조회	
컴퓨터공학부 [405940]	1	교선	리더십	KY876-A	노동과인간	3	노중기	목(13:00~14:15)목(14:30~15:45)	18106()	50/50	조회	조회	외부지원사업교과목
컴퓨터공학부 [405940]	1	교선		KY890-A	교회음악Ⅰ	2	정춘	화(11:00~12:40)	4107()	23/23	조회		
컴퓨터공학부 [405940]	1	교선	창의융합	KY898-A	재미있는광고이야기	3	최환진	-	()	90/90	조회	조회	교내온라인 / 미디어영상광고홍보학부 수강금지
컴퓨터공학부 [405940]	1	교선	글로벌	KY949-A	유럽속의독일문화	3	심혜경	-	()	60/60	조회	조회	교내온라인
컴퓨터공학부 [405940]	1	교선	인문	KY952-A	한국미술의감상과이해	3	공주형	-	()	90/90	조회	조회	교내 온라인 강좌
컴퓨터공학부 [405940]	1	교선	지식정보	KY961-A	결혼과가족	3	김영주	목(13:00~14:15)목(14:30~15:45)	18519()	59/60	조회		
컴퓨터공학부 [405940]	1	교선	인문	KY963-A	예술로말하기1	3	유순혜	화(13:00~14:15)화(14:30~15:45)	18212-1()	20/20	조회		
컴퓨터공학부 [405940]	1	교선	인문	KY964-A	시각문화의역사	3	이익주	월(13:00~14:15)수(13:00~14:15)	18421()	90/90	조회	조회	
컴퓨터공학부 [405940]	1	교선	소통	KY965-A	언어와문화의이해	3	이익주	월(14:30~15:45)수(14:30~15:45)	18421()	90/90	조회	조회	
컴퓨터공학부 [405940]	1	교선	인문	KY967-A	명화의사회사	3	공주형	-	()	90/90	조회	조회	교내온라인 강좌
컴퓨터공학부 [405940]	1	교선	인문	KY968-A	미술로의초대	3	공주형	월(13:00~14:15)수(13:00~14:15)	3204()	73/73	조회	조회	
컴퓨터공학부 [405940]	1	교선	글로벌	KY983-A	시사영어	3	고우경	화(13:00~14:15)화(14:30~15:45)	18106()	30/30	조회	조회	
컴퓨터공학부 [405940]	1	교선	글로벌	KY991-A1	기초영어회화1	2	야니	월(09:30~10:45)수(11:00~12:15)	3412()	17/20	조회	조회	영문과수강금지(1학년허용) / 수강인원 5명 이상 개설
컴퓨터공학부 [405940]	1	교선	글로벌	KY991-A2	기초영어회화1	2	야니	월(13:00~14:15)수(13:00~14:15)	3412()	19/20	조회	조회	영문과수강금지(1학년허용) / 수강인원 5명 이상 개설
컴퓨터공학부 [405940]	1	교선	글로벌	KY991-A3	기초영어회화1	2	야니	화(09:30~10:45)목(11:00~12:15)	3412()	15/20	조회	조회	영문과수강금지(1학년허용) / 수강인원 5명 이상 개설
컴퓨터공학부 [405940]	1	교선	글로벌	KY991-A4	기초영어회화1	2	야니	화(11:00~12:15)목(09:30~10:45)	3412()	9/20	조회	조회	영문과수강금지(1학년허용) / 수강인원 5명 이상 개설
컴퓨터공학부 [405940]	1	교선	글로벌	KY991-B1	기초영어회화1	2	모리스	월(11:00~12:15)수(09:30~10:45)	3411()	18/20	조회	조회	영문과수강금지(1학년허용) / 수강인원 5명 이상 개설
컴퓨터공학부 [405940]	1234	교선	소통	KYC60-A	먼나라이웃나라	3	모리스	월(09:30~10:45)수(11:00~12:15)	3411()	24/30	조회	조회	
컴퓨터공학부 [405940]	1234	교선	글로벌	*KY037-A	한류문화의이해	3	PANG LI	금(16:00~17:15)금(17:30~18:45)	3308()	21/35	조회	조회	외국인학생 전용강의
컴퓨터공학부 [405940]	1234	교선	글로벌	*KY036-A	한국의음식문화	3	PANG LI	금(13:00~14:15)금(14:30~15:45)	3308()	31/35	조회	조회	외국인학생 전용강의
컴퓨터공학부 [405940]	1234	교선	글로벌	*KY021-A	사이버한국여행1	3	PANG LI	화(13:00~14:15)화(14:30~15:45)	3308()	35/35	조회	조회	외국인학생 전용강의
컴퓨터공학부 [405940]	1234	교선	글로벌	KYC67-A	미디어일본어	3	김계자	월(16:00~17:15)수(17:30~18:45)	3505()	36/36	조회	조회	구)중급일본어1
컴퓨터공학부 [405940]	1234	교선	소통	KYC63-E	책읽기와말하기	3	이은정	목(13:00~14:15)목(14:30~15:45)	20502()	29/30	조회	조회	
컴퓨터공학부 [405940]	1234	교선	소통	KYC63-D	책읽기와말하기	3	이은정	화(13:00~14:15)화(14:30~15:45)	20502()	30/30	조회	조회	
컴퓨터공학부 [405940]	1234	교선	소통	KYC63-C	책읽기와말하기	3	서경희	화(16:00~17:15)화(17:30~18:45)	3409()	30/30	조회	조회	
컴퓨터공학부 [405940]	1234	교선	소통	KYC63-B	책읽기와말하기	3	서경희	화(13:00~14:15)화(14:30~15:45)	3409()	29/30	조회	조회	
컴퓨터공학부 [405940]	1234	교선	소통	KYC63-A	책읽기와말하기	3	김민환	목(13:00~14:15)목(14:30~15:45)	3408()	29/30	조회	조회	
컴퓨터공학부 [405940]	1234	교선	글로벌	KYC61-A	어서와한국은처음이지	3	야니	월(11:00~12:15)수(09:30~10:45)	3412()	27/30	조회	조회	
컴퓨터공학부 [405940]	234	교선	창의융합	KY661-F	취창업스쿨1	3	김대숙	-	()	30/30	조회	조회	P/NP 2,3,4학년, 교내온라인
컴퓨터공학부 [405940]	234	교선	창의융합	KY661-E	취창업스쿨1	3	유동석	-	()	30/30	조회	조회	P/NP 2,3,4학년, 교내온라인, 취업성공비법 소개
컴퓨터공학부 [405940]	234	교선	창의융합	KY661-D	취창업스쿨1	3	김흥기	-	()	29/30	조회	조회	P/NP 2,3,4학년, 교내온라인
컴퓨터공학부 [405940]	234	교선	창의융합	KY661-B	취창업스쿨1	3	박선화	-	()	29/30	조회	조회	P/NP 2,3,4학년, 인간 심리와 커뮤니케이션, 교내온라인
컴퓨터공학부 [405940]	234	교선	창의융합	KYC01-A	좋은기업찾기프로젝트	3	김용희	-	()	90/90	조회	조회	교내온라인
컴퓨터공학부 [405940]	234	교선	창의융합	KY661-A	취창업스쿨1	3	홍창기	-	()	30/30	조회	조회	P/NP, 2,3,4학년, 비대면, 역량>경험>STAR화법
컴퓨터공학부 [405940]	234	교선	창의융합	KY661-H	취창업스쿨1	3	강석원	-	()	30/30	조회		P/NP 2,3,4학년, 교내온라인
컴퓨터공학부 [405940]	234	교선	창의융합	KY661-G	취창업스쿨1	3	김대숙	-	()	30/30	조회	조회	P/NP 2,3,4학년, 교내온라인
컴퓨터공학부 [405940]	234	교선	창의융합	KY661-I	취창업스쿨1	3	허태윤	-	()	30/30	조회	조회	P/NP 2,3,4학년, 플랫폼시대의 취창업 전략
컴퓨터공학부 [405940]	34	교선	창의융합	KY593-A	진로선택과취업준비	3	박가현,김용희	-	()	198/200	조회		3,4학년만 수강/온라인수업/P/NP교과목, 외부온라인 // 외부온라인
